[
    {
      "id": 1,
      "name": "Air India",
      "arrivalTime": "06:00AM",
      "departureTime": "09:00AM",
      "bookingCost": "1000"
    },
    {
      "id": 2,
      "name": "Air Asia",
      "arrivalTime": "04:00AM",
      "departureTime": "07:00AM",
      "bookingCost": "1500"
    },
    {
      "id": 3,
      "name": "Indigo",
      "arrivalTime": "11:50PM",
      "departureTime": "04:00AM",
      "bookingCost": "2300"
    },
    {
      "id": 4,
      "name": "Jet Airways",
      "arrivalTime": "7:40AM",
      "departureTime": "11:00AM",
      "bookingCost": "1700"
    },
    {
      "id": 5,
      "name": "Go Air",
      "arrivalTime": "06:00AM",
      "departureTime": "08:00AM",
      "bookingCost": "2330"
    }
    
  ]
