[
    {
      "id": 1,
      "fname": "Air Asia",
      "departureTime": "06:00 am",
       "arrivalTime": "05:00 am",
       "status":"On Time",
       "cost":2000
   },
    {
      "id": 2,
      "fname": "Air India",
      "departureTime": "08:00 am",
       "arrivalTime": "07:00 am",
       "status":"On Time",
       "cost":2500
    },
    {
     "id": 3,
      "fname": "Indigo",
      "departureTime": "06:00 am",
       "arrivalTime": "05:00 am",
       "status":"On Time",
        "cost":3500
    },
    {
      "id":4,
      "fname": "Go Air",
      "departureTime": "10:00 am",
       "arrivalTime": "08:00 am",
       "status":"Late",
        "cost":2800
    }
    
   ]
